Layer,Name,GEOID,PCI_2020-2024,HCSBDP_2023-2024,POC_2020-2024,POP_2020-2024
(Indicator name),,,"Per capita income, 2020-2024","Adult binge drinking rate (% of adults), 2023-2024","People of color (% of residents), 2020-2024","Population (residents), 2020-2024"
(Definition),,,"Income in the past 12 months.","Percent of adults who report binge drinking (men having 5 or more drinks on one occasion, women having 4 or more drinks on one occasion) in the past month.","Percent of residents that are not non-Hispanic white.","Average population over the time period."
(Citation),,,"U.S. Census Bureau - American Community Survey (ACS) (Table B19301)","Chicago Department of Public Health - Healthy Chicago Survey (HCS)","U.S. Census Bureau - American Community Survey (ACS) (Table B03002)","U.S. Census Bureau - American Community Survey (ACS) (ACS: Table B01001 (sex and age), B03002 (race/ethnicity); Decennial Census: Table P012)"
---,---,---,---,---,---,---
Community area,Rogers Park,1,40324.957268060825,42.497201369,55.09743151516768,54023.51404694976
Community area,Norwood Park,10,52389.36930003792,42.805675332,28.297241756442975,42638.430864951515
Community area,Jefferson Park,11,49676.47738960594,45.667508621,44.010169477347546,26634.542326773037
Community area,Forest Glen,12,70943.73852893911,29.076525588,29.32820290082761,19886.375072714927
Community area,North Park,13,38549.46020346622,20.066292309,55.050459372510176,18307.61022482388
Community area,Albany Park,14,43335.090602962984,29.46277947,65.64023169805446,45707.82125877903
Community area,Portage Park,15,43196.382563801606,33.70902093,53.56248225694323,63049.27293122433
Community area,Irving Park,16,54919.94076035927,29.295929567,54.1164351755128,53301.720432851886
Community area,Dunning,17,43120.509380571755,31.302992195,48.41673991191194,41208.045989819395
Community area,Montclare,18,31233.73288468904,34.525463397,71.00401656739886,14290.310832940955
Community area,Belmont Cragin,19,26727.0421724634,29.796575686,87.00525678413784,72131.65463459128
Community area,West Ridge,2,34945.22512363276,20.384128648,60.12371739102639,78390.30821852958
Community area,Hermosa,20,29141.093912594268,30.485129566,90.42449906351986,22644.717835658757
Community area,Avondale,21,51235.8985335033,37.825248446,61.96989097855963,35520.9017778837
Community area,Logan Square,22,72563.30814273265,42.409944432,47.34854046306464,71426.58839418365
Community area,Humboldt Park,23,27962.444320164195,31.860017573,87.75017129143622,55766.9553330079
Community area,West Town,24,94349.66957071632,51.345099589,38.583192059849715,88181.67603039017
Community area,Austin,25,25293.09143003252,26.39744372,94.46629928563591,97671.11079977907
Community area,West Garfield Park,26,21332.538967606866,28.882050114,98.69912916497425,15086.162549728782
Community area,East Garfield Park,27,24331.60038421928,33.797273209,92.24309624936896,20739.825816661003
Community area,Near West Side,28,86801.38424015904,43.516518482,58.35735996120936,68097.64749596105
Community area,North Lawndale,29,24256.835408720963,35.217414316,96.0487385747032,33979.92102222128
Community area,Uptown,3,55561.67648224392,36.957607867,48.40610660964427,54490.99263491023
Community area,South Lawndale,30,22871.326211352167,24.749001817,94.14295665707209,69830.03688424261
Community area,Lower West Side,31,44023.52889792536,42.698092871,78.34636248291058,33412.04159156827
Community area,Loop,32,100583.80046279168,30.055363527,50.23583861259527,43756.84987517721
Community area,Near South Side,33,91321.74296604426,31.284976485,57.48671158713001,28903.93689669003
Community area,Armour Square,34,30817.58363333983,21.80424818,86.42203694485211,13821.73561594313
Community area,Douglas,35,36232.670295633274,33.929459643,89.72470933032346,21090.85063630398
Community area,Oakland,36,39035.708088820524,28.112443679,94.67418115700968,6940.063701843177
Community area,Fuller Park,37,17092.36867957422,43.034441746,96.63464078681686,2340.5178060198177
Community area,Grand Boulevard,38,39264.202223784865,23.47195521,94.40807535089404,25177.249063480947
Community area,Kenwood,39,66621.80991074372,21.148647354,79.48432783369995,18427.525297841814
Community area,Lincoln Square,4,63201.96088038953,41.886330165,37.92134855892945,41565.112883410984
Community area,Washington Park,40,22463.41567019801,26.160850897,98.0265599257552,12314.668408889758
Community area,Hyde Park,41,61926.511991890264,30.985524743,59.22392493317241,30600.29143781308
Community area,Woodlawn,42,27910.708740085858,22.766161072,89.38138303967126,24802.56420049847
Community area,South Shore,43,30825.768797246288,22.259571068,96.6762449194689,51377.594211150186
Community area,Chatham,44,31740.209150547067,20.920569035,98.83615736074115,30021.415055746762
Community area,Avalon Park,45,35596.848335250135,31.27833918,99.98718568974948,8939.367648010237
Community area,South Chicago,46,26323.95464375231,14.708106526,95.06965237908949,27507.14760924339
Community area,Burnside,47,30126.044569259077,24.518968558,99.99805052833466,2292.961298875095
Community area,Calumet Heights,48,41184.39814270069,26.591413786,99.75963751918994,11227.308474681895
Community area,Roseland,49,26732.84559966362,28.159526451,97.96683562761979,36745.38198660812
Community area,North Center,5,89577.64973706401,50.337589131,26.431855447994078,36047.30896603488
Community area,Pullman,50,33622.059748815984,21.499269286,88.50756351104036,6783.760059864825
Community area,South Deering,51,23786.973596994183,19.279447211,94.23957919203514,12875.860807388364
Community area,East Side,52,26589.857965818657,15.355780229,86.4045043700368,22700.69460161811
Community area,West Pullman,53,25608.581767332464,29.249715176,99.16775591469346,24421.3446098744
Community area,Riverdale,54,14900.177006481243,21.926203609,99.4645691124347,7483.432139021165
Community area,Hegewisch,55,33795.04474929946,38.496495291,64.23295463943765,8767.938561774901
Community area,Garfield Ridge,56,40220.81666252722,32.072329736,67.45573014682493,36657.21624790593
Community area,Archer Heights,57,27658.448775283592,27.193655929,87.25544140177328,13492.19323405581
Community area,Brighton Park,58,26502.55308762671,30.231628969,93.28120135914287,43145.712198140434
Community area,McKinley Park,59,38415.09503959814,27.859053657,86.18345488806078,14856.231386420193
Community area,Lake View,6,91201.95583361431,52.174650461,26.90034781527766,102824.82867705771
Community area,Bridgeport,60,41884.13795904742,27.241968218,68.14964678918956,33542.92299452535
Community area,New City,61,23657.291788781087,28.030190062,91.78292900424415,39952.20608706311
Community area,West Elsdon,62,32213.4953429723,30.254427335,86.40476640506267,17758.843491929718
Community area,Gage Park,63,23839.99823155553,25.981152405,96.31476330259423,36010.47480631783
Community area,Clearing,64,36031.934096057295,38.618320344,69.84271658467603,23667.3678942933
Community area,West Lawn,65,26884.85981972279,26.07990034,91.09167153731642,31827.033515462826
Community area,Chicago Lawn,66,24539.727552751676,33.656104388,96.83492460266493,54300.34535975418
Community area,West Englewood,67,20909.506297634216,27.699524611,99.30405010126383,28311.705697493984
Community area,Englewood,68,19894.69956614879,19.774002325,98.99416027753422,23160.939521480697
Community area,Greater Grand Crossing,69,25901.132920584096,19.222724171,98.29725928146789,29219.18400720307
Community area,Lincoln Park,7,113985.32940853918,43.541470887,23.212317840476658,67920.59157719537
Community area,Ashburn,70,30948.45365248387,26.5732898,91.75053215909091,42179.86179958407
Community area,Auburn Gresham,71,25602.36310697248,27.773764514,99.47513027638688,43860.69938776773
Community area,Beverly,72,62627.97754281978,29.368432777,42.954534704063555,19553.60888487051
Community area,Washington Heights,73,31934.63992491614,37.453171705,98.53575845392946,24755.82899535278
Community area,Mount Greenwood,74,51877.16279038208,35.708801814,17.926106089073347,19064.084350424167
Community area,Morgan Park,75,39279.87486535832,25.630929468,71.69456001585137,21410.012942294346
Community area,O'Hare,76,48126.86789326415,27.719755606,38.768829131755155,15286.605098509346
Community area,Edgewater,77,55837.42127581661,28.677479082,48.368500905267496,56573.000668948356
Community area,Near North Side,8,121937.77964132602,44.996184051,33.73278473476374,99292.48607212082
Community area,Edison Park,9,66794.56325674786,38.939300239,20.55869551389263,11554.191910863192
