Community Area;Name;Year;Predicted_Crime_Count;Population;Unemployment Rate;Poverty Rate;Per Capita Income;Education Rate (High School)
25;Austin;2025;16507;96948,77432693497;10,592442553051916;24,177334909345678;28278,825178535466;83,42454511578515
8;Near North Side;2025;9426;98558,15855621609;2,328610479027126;9,942489172297853;136331,97676427354;98,91812329153205
43;South Shore;2025;8225;50997,62607234428;10,849946884118708;29,49856878562872;34464,60980156116;88,80132473036059
29;North Lawndale;2025;7995;33728,6191162869;10,501013483401744;32,66369241742433;27120,243873915693;84,5750019489426
71;Auburn Gresham;2025;7915;43536,32319676503;12,13127445225936;28,941874285063417;28624,604962278034;86,54040654858937
23;Humboldt Park;2025;7821;55354,52523482793;7,381032976619867;27,663184382828867;31263,282967282525;78,69125269825393
28;Near West Side;2025;7440;67594,02453008683;4,855079838503525;16,649347320862805;97047,8906057228;95,98114180545245
67;West Englewood;2025;7300;28102,323645152523;12,291145609047126;33,056864829909465;23377,77787250596;77,24359102726075
69;Greater Grand Crossing;2025;7264;29003,09060822031;12,031744168653264;30,781556973398747;28958,643185763616;85,58025812919463
24;West Town;2025;7169;87529,51962189136;2,7291903890509737;8,383214717118028;105487,21649243821;95,80659763388527
22;Logan Square;2025;6697;70898,3459128044;3,1465212320572484;10,882297147616754;81129,07475232644;93,40690714857823
49;Roseland;2025;6616;36473,62783740092;12,445344978937113;23,440236667719894;29888,535742216172;88,73735962003269
66;Chicago Lawn;2025;6372;53898,7617223797;8,186669208461318;21,893012268080174;27436,530141553456;74,08342134475092
68;Englewood;2025;6310;22989,650475777125;16,03594359216363;34,54712554409557;22243,17784826367;79,37202840582471
6;Lake View;2025;5984;102064,37736797366;2,3325225352102916;8,44985293036114;101967,92954683816;98,97563583742034
32;Loop;2025;5948;43433,241713636;3,6571665619173808;11,516557461215454;112457,25802037017;97,49387426582045
44;Chatham;2025;5928;29799,388676773648;11,460008552842233;25,154390425490085;35486,99565576663;90,95659519252406
30;South Lawndale;2025;5926;69313,60185930532;4,714157619179125;20,33935229517541;25571,181653347317;65,36504260301894
61;New City;2025;5916;39656,73554934772;8,757085995948053;27,986051421837224;26449,926872054282;71,83615054852001
26;West Garfield Park;2025;5325;14974,5913250781;13,562592387217556;31,600444166522166;23850,747614147;78,2117254404995
46;South Chicago;2025;4825;27303,71574674728;10,752026962328422;30,45677212576408;29431,377079294864;82,25542117579641
19;Belmont Cragin;2025;4787;71598,19776528252;3,9798269019901302;16,32309591701961;29882,047246980812;70,58348383843106
7;Lincoln Park;2025;4615;67418,27804608452;3,1276151007386552;8,820825721389262;127440,77615733794;98,68978653636844
53;West Pullman;2025;4001;24240,734112224083;13,097558122044985;24,27365121252035;28631,557707048327;87,58192855151758
2;West Ridge;2025;3986;77810,56485040292;5,215331052914909;20,055848549701533;39070,34910419828;87,67083854644324
27;East Garfield Park;2025;3982;20586,4423596169;12,833557644605122;38,49521236097784;27203,83451278414;84,66556089353858
42;Woodlawn;2025;3619;24619,134355221046;8,966639716943888;33,43707069118588;31205,4402386231;89,77981204319576
1;Rogers Park;2025;3605;53623,977743248724;4,929823148546081;18,058190503612952;45085,13402048533;89,02315772826643
3;Uptown;2025;3537;54087,99904653626;3,379801291492976;19,255318141451323;62120,47824261161;93,00271331289139
15;Portage Park;2025;3415;62582,98572458156;3,403767051201148;11,112094601494407;48295,51793801082;88,86235660467571
38;Grand Boulevard;2025;3359;24991,048198808552;11,252555529053568;26,94272816221577;43899,16169530282;90,12530369534164
77;Edgewater;2025;3358;56154,60938183393;5,569213361346608;16,939287871421815;62428,77344776295;95,03718157126471
16;Irving Park;2025;2986;52907,52222604623;4,587546518525092;11,068499598593784;61402,98855416454;91,01029825577208
73;Washington Heights;2025;2780;24572,744784961313;8,534657024058905;16,785590676583315;35704,37809369123;92,03629494412925
35;Douglas;2025;2561;20934,871140082832;11,699432565322592;25,904237912155295;40509,77128976483;89,99322296872842
40;Washington Park;2025;2538;12223,59404647202;11,854098024690481;42,435458183107215;25115,11913866066;86,69619268687924
14;Albany Park;2025;2512;45369,78449315714;4,85478717525631;12,388353790120693;48450,599826721525;82,63516564864389
63;Gage Park;2025;2468;35744,15573669693;8,013815427310924;16,00420587485043;26654,20097466855;67,15787683788736
70;Ashburn;2025;2450;41867,91641114857;6,760780381471599;11,541172028583494;34601,77704277858;82,14921681767217
33;Near South Side;2025;2445;28690,174939256543;2,9163004891788344;9,441315536263014;102101,85700232515;98,39008224361034
58;Brighton Park;2025;2375;42826,62376643989;5,597895908087116;18,386203556711767;29631,05825252961;69,83968033481878
21;Avondale;2025;2232;35258,203394581025;4,176224356780524;13,649322232817905;57284,06199385089;86,93795158760088
31;Lower West Side;2025;2154;33164,93949478502;4,900092520914805;17,615295109911173;49220,30511337279;78,93427608408057
4;Lincoln Square;2025;2131;41257,71393209653;3,717108474139243;9,808526038193369;70662,66326602509;95,44031082625047
65;West Lawn;2025;2072;31591,653504501566;5,6683541299783355;18,37908782191688;30058,494545614973;70,3400998595124
56;Garfield Ridge;2025;1816;36386,11413724113;2,633938840912117;7,1304183981755775;44968,700092824954;83,01719247221507
17;Dunning;2025;1815;40903,28776244444;3,7181918839365258;9,300749798230889;48210,68827255726;89,34885143440074
52;East Side;2025;1798;22532,809343271267;7,705165347095033;20,113851898809557;29728,669072245066;77,05629501613869
60;Bridgeport;2025;1755;33294,852951230605;4,175865163818522;18,437931351356475;46828,368860090755;83,14414522792683
20;Hermosa;2025;1658;22477,246559085575;3,704176847901424;14,129765567808096;32581,066752759445;75,27458124252499
41;Hyde Park;2025;1629;30373,983920634302;4,768750283692712;19,50979721857049;69236,65347035411;98,04959168205212
76;O'Hare;2025;1575;15173,55148093297;2,9418407669408455;8,689929373884556;53808,024507755414;91,94426904401435
5;North Center;2025;1569;35780,71748570018;2,732688181008409;5,2146520265321925;100151,88154543668;97,99933736855859
75;Morgan Park;2025;1559;21251,67304930402;6,801930947667773;18,506638848381517;43916,68442052475;95,07397234028495
10;Norwood Park;2025;1365;42323,094083108896;2,9974550612116557;5,5453454113538365;58573,69470820754;94,47100686032522
45;Avalon Park;2025;1325;8873,255660100553;9,578022291034948;10,723044518222016;39798,893455314;92,7862451189571
64;Clearing;2025;1295;23492,33350688561;4,476671326220006;8,318171796004613;40285,33910002971;85,21509508695927
51;South Deering;2025;1276;12780,636090434888;11,207073323617399;31,943777937635073;26594,917024540744;84,39111511843167
48;Calumet Heights;2025;1264;11144,275791458304;8,317797871584787;18,1760645087685;46046,02795915075;94,96998957887556
54;Riverdale;2025;1264;7428,0876678484165;21,01951241140762;63,64602093659216;16659,074746205322;85,14026356000255
13;North Park;2025;1148;18172,214461555526;2,888675414441862;17,500940712950527;43100,04764883459;92,10874076600416
11;Jefferson Park;2025;1143;26437,563903955903;3,597611054014108;5,766389802221352;55540,558316968454;93,12334471286047
34;Armour Square;2025;1131;13719,515587199208;7,3622705767406975;24,253440614039082;34455,45841649584;71,41125170227451
39;Kenwood;2025;1080;18291,24269065231;8,702593010942277;23,561387241139627;74486,2098314536;95,27675353459718
57;Archer Heights;2025;1063;13392,41036897099;8,223868366754058;10,928042650610779;30923,402138855014;68,88301056161939
59;McKinley Park;2025;1056;14746,36064069456;6,071564725577785;14,632788644057332;42949,82129198052;79,14618511065899
62;West Elsdon;2025;1054;17627,506187943818;4,665262894745291;11,270996330286884;36016,1511183178;77,20174528152424
50;Pullman;2025;1035;6733,590083562329;9,344634499842531;17,725757460756185;37590,99010926316;91,42472975980722
37;Fuller Park;2025;1020;2323,208272394313;15,560476750408961;57,9579013237478;19110,044618857137;77,5775813713799
36;Oakland;2025;972;6888,737766316763;9,534036070455223;38,79945387892279;43643,69487287616;91,42522013848011
72;Beverly;2025;861;19408,998213837756;6,073726594352621;6,039325897014816;70020,9238209506;98,15578379155309
74;Mount Greenwood;2025;657;18923,0940070675;2,9749933469330836;5,553328771375568;58001,0245630047;95,97202043026402
18;Montclare;2025;633;14184,625409294316;4,2140249744557225;15,08432230338269;34920,73218343085;82,62288732961568
55;Hegewisch;2025;615;8703,094394825583;6,378901430934446;10,147396232318492;37784,395197791506;87,43204962622276
12;Forest Glen;2025;555;19739,303396043546;2,8268372670166224;4,908916113012183;79318,3223538057;97,00968071374346
47;Burnside;2025;490;2276,00347415666;13,133643192241356;27,704057411338795;33682,2863291152;87,32122049855023
9;Edison Park;2025;291;11468,741728479521;2,358798120205991;8,390949179131548;74679,35591975096;98,49468750105875
25;Austin;2026;16118;96709,57803014178;8,92788552172018;24,543762549998906;29317,765863107026;83,63775739138632
2;West Ridge;2026;9602;77618,58718907801;4,395764089830365;20,35981163301577;40505,761466221586;87,89490328619584
8;Near North Side;2026;9467;98314,99151559005;1,9626793043538615;10,093175873842327;141340,70100844683;99,17093327851984
23;Humboldt Park;2026;8117;55217,952105989134;6,221135221386435;28,08244297457865;32411,87016646493;78,89236786207549
71;Auburn Gresham;2026;8111;43428,908457827325;10,224896571295044;29,380512486921585;29676,24931056138;86,76158218683906
43;South Shore;2026;8095;50871,80247749807;9,14492414879766;29,945644156148017;35730,81110499805;89,02827871010216
29;North Lawndale;2026;7882;33645,402377915794;8,850824139219794;33,15873787187237;28116,619238105166;84,79115450451816
28;Near West Side;2026;7375;67427,2535681516;4,0921248125610425;16,901682041793592;100613,34996499868;96,22644560220358
67;West Englewood;2026;7240;28032,988351396914;10,359644659743719;33,557869139624934;24236,658126310092;77,44100632986347
24;West Town;2026;7233;87313,56292621371;2,3003097952516818;8,510269316038919;109362,72971564623;96,05145533938158
69;Greater Grand Crossing;2026;7061;28931,532902440053;10,141007045953833;31,248077098122483;30022,55982253102;85,79897986818565
22;Logan Square;2026;6770;70723,4223832514;2,652058881676464;11,04722742151337;84109,68996281324;93,6456318452772
66;Chicago Lawn;2026;6532;53765,78031755806;6,9001691660131295;22,224819097172983;28444,525602028596;74,27276004389888
49;Roseland;2026;6226;36383,638492307204;10,489612258340943;23,795492970811672;30986,61586360783;88,96415012094782
61;New City;2026;6183;39558,89270035695;7,3809473956653315;28,410203332382988;27421,67534313921;72,01974578548078
68;Englewood;2026;6025;22932,92939501512;13,515963660558121;35,07071599572887;23060,37383412318;79,57488346211537
30;South Lawndale;2026;5916;69142,58828025548;3,9733479171194435;20,64761211379814;26510,645750759595;65,53209930628071
44;Chatham;2026;5906;29725,866309238107;9,659117236206374;25,53562615598905;36790,758571206796;91,18905750460517
6;Lake View;2026;5894;101812,55962947814;1,96597659764414;8,577917486886852;105714,14707387134;99,22859281209342
77;Edgewater;2026;4739;56016,06225005992;4,694035307447683;17,196016882801462;64722,35503091911;95,28007284171044
46;South Chicago;2026;4734;27236,350813661156;9,062391923802247;30,918369865705333;30512,661568929732;82,46564546296612
19;Belmont Cragin;2026;4677;71421,5475303371;3,3544141305720627;16,57048602628752;30979,888986415684;70,76387757253129
7;Lincoln Park;2026;4675;67251,94069363471;2,6361237680116396;8,954512679435766;132122,84503351367;98,94201295170947
32;Loop;2026;4654;43326,081301885046;3,0824584825578265;11,691100478251185;116588,84481349503;97,74304422845601
3;Uptown;2026;4395;53954,550747032685;2,848679977775039;19,547148519905154;64402,73331451888;93,24040499122181
26;West Garfield Park;2026;4385;14937,645352157686;11,431289016143367;32,07937520846496;24727,004385683387;78,41161505256413
53;West Pullman;2026;3937;24180,92630267263;11,039332896264126;24,641538606941353;29683,457493432998;87,8057660595566
42;Woodlawn;2026;3675;24558,392939881804;7,557570645905407;33,943837337289224;32351,902343720743;90,00926679182167
1;Rogers Park;2026;3487;53491,67429759349;4,155122531192248;18,33187741598424;46741,524613358946;89,25067865767755
38;Grand Boulevard;2026;3441;24929,38918121255;9,484264567594426;27,351067640088733;45511,98064431821;90,35564143423443
15;Portage Park;2026;3421;62428,57821884972;2,8688796208737846;11,280507647134401;50069,855384898125;89,08946656662597
27;East Garfield Park;2026;3398;20535,650580032754;10,816818964424726;39,07863935550673;28203,28092801698;84,88194489513074
16;Irving Park;2026;3264;52776,98645107814;3,866633209274036;11,236251925667524;63658,88364741704;91,2428978194535
33;Near South Side;2026;2730;28619,389272831544;2,458016343626385;9,58440653407511;105852,99491347642;98,6415426897252
14;Albany Park;2026;2520;45257,846157552485;4,091878140091074;12,57610960638052;50230,634854134354;82,8463604677247
73;Washington Heights;2026;2511;24512,117824018147;7,193472185127789;17,03999027900656;37016,12746038761;92,27151669877834
63;Gage Park;2026;2467;35655,966177379916;6,754478617079015;16,246762940020716;27633,454307595173;67,32951557712501
35;Douglas;2026;2456;20883,219701626644;9,860916789413269;26,296838205639336;41998,066834219455;90,22322314231299
70;Ashburn;2026;2372;41764,61803910086;5,698352668042484;11,71608809988183;35873,0177573859;82,3591696730607
5;North Center;2026;2347;35692,437719621645;2,3032579241670263;5,2936844197250075;103831,37896858016;98,24979916848515
58;Brighton Park;2026;2218;42720,96002927347;4,718210514675675;18,664861780007154;30719,678863573583;70,01817309316439
21;Avondale;2026;2211;35171,212798339715;3,5199485655566223;13,856189075711901;59388,63112666284;87,16014325155743
4;Lincoln Square;2026;2135;41155,92107854862;3,1329807797135087;9,95718241690249;73258,75116160633;95,68423239426266
31;Lower West Side;2026;2023;33083,11349166537;4,130063944501641;17,882269573835238;51028,61847739908;79,1360123549042
52;East Side;2026;1982;22477,2154011232;6,494331576522891;20,41869407117324;30820,87582419894;77,25323163697351
65;West Lawn;2026;1943;31513,70918204559;4,777596528426351;18,657638200326875;31162,81881309252;70,51987156502477
17;Dunning;2026;1847;40802,36936479199;3,1338939362961202;9,441710405247768;49981,909147587634;89,57720475547954
56;Garfield Ridge;2026;1847;36296,34070981262;2,220026620404034;7,238485825801932;46620,81299934678;83,22936365632467
40;Washington Park;2026;1835;12193,435455507688;9,991277233520933;43,0786028837278;26037,827875897096;86,91776647554144
41;Hyde Park;2026;1777;30299,04388634185;4,019361577959411;19,805484439317897;71780,35094363292;98,30018191943705
60;Bridgeport;2026;1749;33212,70641989487;3,5196458182319237;18,71737355244838;48548,804461418375;83,35664087153333
20;Hermosa;2026;1665;22421,789703892027;3,1220813032157433;14,343913929462042;33778,068240002154;75,46696424850204
64;Clearing;2026;1444;23434,37218435328;3,773181579100851;8,444240615301153;41765,38919116826;85,43288356052952
76;O'Hare;2026;1443;15136,114624730946;2,4795430760028068;8,82163248880004;55784,88689381957;92,17925560347537
75;Morgan Park;2026;1419;21199,23998318901;5,733036598808535;18,78712236879685;45530,14713999463;95,31695763873614
10;Norwood Park;2026;1356;42218,67267661055;2,5264178218543187;5,62938973812966;60725,64388197383;94,7124511297913
54;Riverdale;2026;1273;7409,760761967041;17,716385960229243;64,6106293757029;17271,11539541477;85,35786078290278
45;Avalon Park;2026;1215;8851,36317193729;8,072877064054158;10,885561185926065;41261,07193516964;93,02338355871535
37;Fuller Park;2026;1208;2317,4763503633853;13,115214398874707;58,836301574185;19812,13187719128;77,77585026978227
59;McKinley Park;2026;1192;14709,977768596187;5,11744430391599;14,854560739249953;44527,76225853759;79,34846296796314
11;Jefferson Park;2026;1179;26372,33597894125;3,032261867935156;5,853784240782818;57581,07256446685;93,3613446948833
13;North Park;2026;1113;18127,379171641725;2,4347324312005774;17,766182040776933;44683,50780768642;92,34414767405765
50;Pullman;2026;1109;6716,976672786449;7,876165165783565;17,9944060735785;38972,05204345852;91,65838850677737
34;Armour Square;2026;1102;13685,666192557168;6,20532125238023;24,621021700012715;35721,323505602595;71,5937610040374
36;Oakland;2026;1091;6871,741568327444;8,035803089859623;39,38749190696829;45247,1281817986;91,65888013873553
62;West Elsdon;2026;1056;17584,01482633427;3,9321367894522417;11,441817663928656;37339,35476847862;77,39905363686509
57;Archer Heights;2026;1017;13359,368022766696;6,93152263572312;11,093666235693075;32059,502397072585;69,05905831125611
51;South Deering;2026;1007;12749,103140743495;9,445929696163617;32,42791248873954;27571,99231409601;84,60679770525245
48;Calumet Heights;2026;995;11116,780142150046;7,010691520712634;18,45153789983008;47737,72100183035;95,21270912339122
39;Kenwood;2026;992;18246,11372903599;7,335017750124963;23,918479682041813;77222,77167038637;95,52025709107217
72;Beverly;2026;729;19361,11147644013;5,119266444261623;6,130856909340069;72593,43473926447;98,40664542941477
74;Mount Greenwood;2026;698;18876,40611398392;2,507485869880418;5,637494092619485;60131,93430854388;96,21730091506112
18;Montclare;2026;647;14149,628475162277;3,5518089778802415;15,312937767130302;36203,691046514454;82,83405076838343
55;Hegewisch;2026;611;8681,621736049477;5,376484360853221;10,301188470963647;39172,56267522661;87,65550408120849
47;Burnside;2026;539;2270,3880178882723;11,069747352055876;28,123935467866623;34919,745714212564;87,54439170200033
12;Forest Glen;2026;526;19690,601715115754;2,3826118840913817;4,983314823879209;82232,41201647955;97,25761319874069
9;Edison Park;2026;409;11440,44554248465;1,9881230868682183;8,518121000263983;77423,01378646887;98,74641529205334
25;Austin;2027;15802;96470,97188901376;7,524906506665494;24,915743706634693;30394,876370478625;83,85151458424659
2;West Ridge;2027;9677;77427,08318351588;3,704988568777906;20,66838152993796;41993,90969307051;88,1195406793921
8;Near North Side;2027;9467;98072,42442742368;1,6542526482781854;10,246146357810785;146533,44164517595;99,42438938461497
23;Humboldt Park;2027;8037;55081,715936404195;5,243510436190817;28,50805577936203;33602,65551084873;79,09399702596353
43;South Shore;2027;8005;50746,28932018082;7,707838442017909;30,39949532614347;37043,53159870161;89,25581272746227
29;North Lawndale;2027;7806;33562,39095555604;7,4599549907461835;33,6612861523585;29149,600610374026;85,00785949197319
71;Auburn Gresham;2027;7784;43321,75873727643;8,618097818585728;29,825798615940045;30766,530203758924;86,98332309471142
28;Near West Side;2027;7378;67260,89407089743;3,449064904922178;17,157841105514525;104309,80135679893;96,47237633411686
24;West Town;2027;7362;87098,1390484312;1,938825951959633;8,639249533192395;113380,62609429884;96,29693883994236
22;Logan Square;2027;7328;70548,93043275426;2,2352991742822126;11,214657351032194;87199,81051475875;93,88496666260377
67;West Englewood;2027;7134;27963,824124739564;8,731670821404967;34,06646658679143;25127,092931380714;77,63892617661263
69;Greater Grand Crossing;2027;6994;28860,151746991127;8,547391173261323;31,72166772376208;31125,56387795714;86,01826060524648
66;Chicago Lawn;2027;6519;53633,127010330194;5,815837101417103;22,561654735023783;29489,553983324855;74,46258264541454
30;South Lawndale;2027;6278;68971,996633459;3,348953290455844;20,9605438666299;27484,624983306858;65,69958296470068
61;New City;2027;6254;39461,29125356346;6,221063089112778;28,84078361828288;28429,12505058761;72,20381024595613
49;Roseland;2027;6208;36293,87117289919;8,841214567901337;24,15613347896398;32125,03854187129;89,19152024167049
6;Lake View;2027;6144;101561,36318682604;1,6570317860341568;8,707922968393543;109597,99753924327;99,48219628153763
44;Chatham;2027;5989;29652,52533933413;8,141228285526873;25,92263983140143;38142,42065952047;91,42211393222486
7;Lincoln Park;2027;5198;67086,01373604548;2,221868195557276;9,09022577463952;136976,9292537751;99,19488399469466
77;Edgewater;2027;5032;55877,85694788697;3,956387740590667;17,456636836101705;67100,20090741421;95,52358488150436
68;Englewood;2027;4966;22876,34825900809;11,391987794394558;35,60224189659923;23907,592925667515;79,77825696520259
46;South Chicago;2027;4725;27169,15208631244;7,638275803096672;31,386963503722686;31633,671557795395;82,67640703084372
19;Belmont Cragin;2027;4684;71245,33313465136;2,827282300583191;16,82162553863893;32118,064524766123;70,94473234790539
3;Uptown;2027;4317;53821,43169706606;2,4010221063001396;19,843401830723064;66768,83655309517;93,47870415004324
32;Loop;2027;3966;43219,18528103363;2,5980633191918994;11,868288840034992;120872,22269355918;97,99285100720692
16;Irving Park;2027;3951;52646,772739737855;3,2590083424086056;11,406546678929024;65997,6584634907;91,47609184945426
53;West Pullman;2027;3872;24121,266053589716;9,304548959353017;25,015001641128663;30774,003209316772;88,03017564029184
42;Woodlawn;2027;3678;24497,801388444524;6,36993075119542;34,45828445384929;33540,484519818;90,23930796940606
38;Grand Boulevard;2027;3436;24867,88229146732;7,993852965744282;27,765595842733205;47184,053229664;90,58656785878799
26;West Garfield Park;2027;3332;14900,790533973013;9,63491085183373;32,56556484910743;25635,45410739832;78,61201553249143
15;Portage Park;2027;3328;62274,55167413389;2,4180474619026815;11,451473132702143;51909,38052434661;89,31715696484632
1;Rogers Park;2027;3265;53359,69727684123;3,5021628015831223;18,609712281384844;48458,7696287771;89,47878107368882
27;East Garfield Park;2027;3032;20484,984116169908;9,117002139957934;39,67090867190031;29239,446179208484;85,09888192012052
33;Near South Side;2027;2835;28548,778251928292;2,071749590946875;9,72966619509693;109741,9465338157;98,89364580585841
14;Albany Park;2027;2547;45146,184001152076;3,448856995975568;12,766711018361669;52076,06689851184;83,05809504795023
63;Gage Park;2027;2458;35567,99420323766;5,693041198964408;16,492996159467204;28648,68459931186;67,501592982059
73;Washington Heights;2027;2369;24451,640444590004;6,063048805867284;17,298245519218202;38376,06941558148;92,50733962141115
5;North Center;2027;2365;35604,37576127997;1,9413107950284192;5,373914614639203;107646,05808854253;98,50090108614016
35;Douglas;2027;2355;20831,695699880085;8,311315902272675;26,69538868345099;43541,04112795161;90,45381113882583
70;Ashburn;2027;2276;41661,57452935781;4,80288092457146;11,8936551698762;37190,96280606477;82,56965911544536
41;Hyde Park;2027;2234;30224,288747410985;3,3877361013473823;20,10565304608556;74417,50176150953;98,55141260280443
21;Avondale;2027;2205;35084,43682913851;2,9668037072882925;14,066191157847742;61570,52039147346;87,3829027818443
4;Lincoln Square;2027;2162;41054,37937282366;2,6406462534906843;10,108091806802577;75950,21718263706;95,928777364806
58;Brighton Park;2027;2132;42615,55699034497;3,976763917427538;18,947743300688035;31848,294496890794;70,19712203436521
52;East Side;2027;1993;22421,758622803958;5,473775152887981;20,728156380471354;31953,209350281675;77,45067157856386
31;Lower West Side;2027;1959;33001,48937327364;3,481042064586973;18,153290258043594;52903,36778112512;79,33826421318851
17;Dunning;2027;1911;40701,69995746629;2,6414159114229436;9,584807387628098;51818,203214902824;89,80614169054343
65;West Lawn;2027;1880;31435,957167263612;4,026817673178573;18,940410241643335;32307,715042212687;70,7001027220615
56;Garfield Ridge;2027;1866;36206,7887753482;1,8711589345771757;7,348191105271141;48333,62316974907;83,44207709692385
60;Bridgeport;2027;1736;33130,76256410844;2,966548535410477;19,001050932762023;50332,44744601314;83,56967960086679
20;Hermosa;2027;1625;22366,46967430031;2,6314595830951304;14,56130788783725;35019,04657340936;75,65983893733375
64;Clearing;2027;1584;23376,553866555187;3,180242236118613;8,572220112519306;43299,81510043855;85,65122864697653
54;Riverdale;2027;1442;7391,47907303708;14,932331699638542;65,58985725884347;17905,641912656596;85,5760141298909
76;O'Hare;2027;1442;15098,77013439357;2,089893489424571;8,955331674078371;57834,37757146636;92,41484272982002
10;Norwood Park;2027;1365;42114,50890321704;2,1294020695019253;5,714707826653263;62956,65389131729;94,95451247043296
37;Fuller Park;2027;1328;2311,7585703835853;11,054214564725964;59,728014711775565;20540,01324161708;77,97462589390848
75;Morgan Park;2027;1305;21146,936282249906;4,8321144240001015;19,071856850495273;47202,88714738979;95,56056394684761
40;Washington Park;2027;1238;12163,351273150636;8,421190760288168;43,73149497776998;26994,436170172135;87,13990655139922
59;McKinley Park;2027;1214;14673,68466192634;4,313259824664073;15,07969397519315;46163,67547315156;79,55125779688757
11;Jefferson Park;2027;1194;26307,26898714334;2,555754887809377;5,942503214825485;59696,553620373634;93,59995294534427
13;North Park;2027;1164;18082,654501334902;2,052124645747104;18,035443321767055;46325,14298516237;92,58015622330068
45;Avalon Park;2027;1138;8829,524697887486;6,8042589702816;11,050540929040903;42776,969644916775;93,26112806502516
34;Armour Square;2027;1110;13651,90031263621;5,230181564759672;24,994173783393098;37033,69543273917;71,77673675393608
36;Oakland;2027;1103;6854,787304108272;6,7730110125243375;39,98444214093058;46909,47030638503;91,89313731552096
50;Pullman;2027;1084;6700,4042513512;6,638459505264525;18,267126279805563;40403,853052643375;91,89264442707447
62;West Elsdon;2027;1082;17540,630768532446;3,314218315194849;11,615227937107987;38711,17182805254;77,59686626302192
39;Kenwood;2027;995;18201,09611158644;6,182351090875936;24,28098415620182;80059,87253144482;95,76438298174534
57;Archer Heights;2027;986;13326,407200097941;5,842263507496489;11,261799984105853;33237,34204059214;69,2355559949172
51;South Deering;2027;918;12717,64799053792;7,961542255357138;32,91938450205747;28584,96454292649;84,82303152283009
48;Calumet Heights;2027;829;11089,352331321832;5,908991340904938;18,731186319492945;49491,565449907815;95,45604899836655
72;Beverly;2027;711;19313,34288731545;4,31479562344975;6,223775150366032;75260,45758435276;98,65814820689066
74;Mount Greenwood;2027;681;18829,833411331663;2,1134451927873106;5,722935009383084;62341,13191844141;96,46320827544083
18;Montclare;2027;679;14114,717887011417;2,993657392118343;15,545018088576745;37533,78475876785;83,04575388809572
55;Hegewisch;2027;609;8660,202055565233;4,531592844861492;10,457311559033224;40611,73027944213;87,8795296299026
47;Burnside;2027;567;2264,7864163215404;9,330183913534185;28,55017712593252;36202,6683352317;87,76813327523871
12;Forest Glen;2027;535;19642,020193125572;2,0081946196374743;5,058841109153955;85253,56292692186;97,50617933716985
9;Edison Park;2027;409;11412,219170089282;1,6756980492223024;8,647220216229218;80267,47137751343;98,99878643633295
