Community Area;Primary Type;Crime_Count;Total_Crimes_Area;Crime_Percentage
1,0;THEFT;4688;20500;22,87
1,0;BATTERY;4110;20500;20,05
1,0;CRIMINAL DAMAGE;2293;20500;11,19
1,0;NARCOTICS;1440;20500;7,02
1,0;OTHER OFFENSE;1414;20500;6,9
2,0;THEFT;4219;17736;23,79
2,0;BATTERY;3049;17736;17,19
2,0;CRIMINAL DAMAGE;2395;17736;13,5
2,0;BURGLARY;1326;17736;7,48
2,0;OTHER OFFENSE;1220;17736;6,88
3,0;THEFT;5386;20372;26,44
3,0;BATTERY;3397;20372;16,67
3,0;NARCOTICS;2138;20372;10,49
3,0;CRIMINAL DAMAGE;1788;20372;8,78
3,0;DECEPTIVE PRACTICE;1500;20372;7,36
4,0;THEFT;2954;10255;28,81
4,0;BATTERY;1631;10255;15,9
4,0;CRIMINAL DAMAGE;1326;10255;12,93
4,0;DECEPTIVE PRACTICE;743;10255;7,25
4,0;BURGLARY;710;10255;6,92
5,0;THEFT;2917;7992;36,5
5,0;CRIMINAL DAMAGE;1049;7992;13,13
5,0;BURGLARY;774;7992;9,68
5,0;BATTERY;751;7992;9,4
5,0;DECEPTIVE PRACTICE;629;7992;7,87
6,0;THEFT;12168;32038;37,98
6,0;BATTERY;4216;32038;13,16
6,0;CRIMINAL DAMAGE;3049;32038;9,52
6,0;DECEPTIVE PRACTICE;2787;32038;8,7
6,0;BURGLARY;2182;32038;6,81
7,0;THEFT;10150;21737;46,69
7,0;CRIMINAL DAMAGE;2387;21737;10,98
7,0;BATTERY;1870;21737;8,6
7,0;DECEPTIVE PRACTICE;1752;21737;8,06
7,0;BURGLARY;1543;21737;7,1
8,0;THEFT;23756;50290;47,24
8,0;DECEPTIVE PRACTICE;6293;50290;12,51
8,0;BATTERY;6051;50290;12,03
8,0;CRIMINAL DAMAGE;2855;50290;5,68
8,0;CRIMINAL TRESPASS;2070;50290;4,12
9,0;THEFT;314;1433;21,91
9,0;BATTERY;247;1433;17,24
9,0;CRIMINAL DAMAGE;229;1433;15,98
9,0;DECEPTIVE PRACTICE;160;1433;11,17
9,0;OTHER OFFENSE;153;1433;10,68
10,0;THEFT;1776;6578;27,0
10,0;BATTERY;989;6578;15,03
10,0;CRIMINAL DAMAGE;956;6578;14,53
10,0;DECEPTIVE PRACTICE;536;6578;8,15
10,0;OTHER OFFENSE;535;6578;8,13
11,0;THEFT;1634;6233;26,22
11,0;BATTERY;918;6233;14,73
11,0;CRIMINAL DAMAGE;798;6233;12,8
11,0;BURGLARY;510;6233;8,18
11,0;OTHER OFFENSE;469;6233;7,52
12,0;THEFT;689;2543;27,09
12,0;BURGLARY;380;2543;14,94
12,0;CRIMINAL DAMAGE;361;2543;14,2
12,0;BATTERY;261;2543;10,26
12,0;DECEPTIVE PRACTICE;253;2543;9,95
13,0;THEFT;1457;4711;30,93
13,0;BATTERY;592;4711;12,57
13,0;CRIMINAL DAMAGE;582;4711;12,35
13,0;BURGLARY;514;4711;10,91
13,0;DECEPTIVE PRACTICE;278;4711;5,9
14,0;THEFT;2847;13040;21,83
14,0;BATTERY;2473;13040;18,96
14,0;CRIMINAL DAMAGE;1847;13040;14,16
14,0;BURGLARY;859;13040;6,59
14,0;MOTOR VEHICLE THEFT;815;13040;6,25
15,0;THEFT;4451;18294;24,33
15,0;BATTERY;2950;18294;16,13
15,0;CRIMINAL DAMAGE;2362;18294;12,91
15,0;OTHER OFFENSE;1366;18294;7,47
15,0;BURGLARY;1343;18294;7,34
16,0;THEFT;3913;16365;23,91
16,0;BATTERY;2835;16365;17,32
16,0;CRIMINAL DAMAGE;2240;16365;13,69
16,0;MOTOR VEHICLE THEFT;1349;16365;8,24
16,0;BURGLARY;1295;16365;7,91
17,0;THEFT;1793;8774;20,44
17,0;BATTERY;1430;8774;16,3
17,0;CRIMINAL DAMAGE;1251;8774;14,26
17,0;BURGLARY;882;8774;10,05
17,0;OTHER OFFENSE;768;8774;8,75
18,0;THEFT;666;3231;20,61
18,0;BATTERY;547;3231;16,93
18,0;CRIMINAL DAMAGE;458;3231;14,18
18,0;BURGLARY;311;3231;9,63
18,0;OTHER OFFENSE;271;3231;8,39
19,0;THEFT;5079;26791;18,96
19,0;BATTERY;5028;26791;18,77
19,0;CRIMINAL DAMAGE;3286;26791;12,27
19,0;OTHER OFFENSE;2048;26791;7,64
19,0;BURGLARY;1833;26791;6,84
20,0;BATTERY;1695;9138;18,55
20,0;THEFT;1601;9138;17,52
20,0;CRIMINAL DAMAGE;1121;9138;12,27
20,0;OTHER OFFENSE;807;9138;8,83
20,0;MOTOR VEHICLE THEFT;697;9138;7,63
21,0;THEFT;3267;12936;25,26
21,0;BATTERY;2069;12936;15,99
21,0;CRIMINAL DAMAGE;1618;12936;12,51
21,0;MOTOR VEHICLE THEFT;1064;12936;8,23
21,0;BURGLARY;999;12936;7,72
22,0;THEFT;8963;28185;31,8
22,0;BATTERY;4112;28185;14,59
22,0;CRIMINAL DAMAGE;3288;28185;11,67
22,0;BURGLARY;2243;28185;7,96
22,0;MOTOR VEHICLE THEFT;1912;28185;6,78
23,0;NARCOTICS;10765;47093;22,86
23,0;BATTERY;8969;47093;19,05
23,0;THEFT;6480;47093;13,76
23,0;CRIMINAL DAMAGE;4166;47093;8,85
23,0;ASSAULT;2902;47093;6,16
24,0;THEFT;14666;40832;35,92
24,0;BATTERY;5329;40832;13,05
24,0;CRIMINAL DAMAGE;4910;40832;12,02
24,0;BURGLARY;3423;40832;8,38
24,0;MOTOR VEHICLE THEFT;2304;40832;5,64
25,0;BATTERY;19242;94730;20,31
25,0;NARCOTICS;18601;94730;19,64
25,0;THEFT;13610;94730;14,37
25,0;CRIMINAL DAMAGE;8189;94730;8,64
25,0;ASSAULT;5927;94730;6,26
26,0;NARCOTICS;9649;31460;30,67
26,0;BATTERY;5535;31460;17,59
26,0;THEFT;3301;31460;10,49
26,0;CRIMINAL DAMAGE;2228;31460;7,08
26,0;ASSAULT;1603;31460;5,1
27,0;NARCOTICS;6947;28838;24,09
27,0;BATTERY;5935;28838;20,58
27,0;THEFT;3525;28838;12,22
27,0;CRIMINAL DAMAGE;2352;28838;8,16
27,0;ASSAULT;2027;28838;7,03
28,0;THEFT;15797;43501;36,31
28,0;BATTERY;6030;43501;13,86
28,0;CRIMINAL DAMAGE;4033;43501;9,27
28,0;DECEPTIVE PRACTICE;3072;43501;7,06
28,0;ASSAULT;2409;43501;5,54
29,0;BATTERY;10263;46151;22,24
29,0;NARCOTICS;10022;46151;21,72
29,0;THEFT;5574;46151;12,08
29,0;CRIMINAL DAMAGE;4422;46151;9,58
29,0;ASSAULT;2982;46151;6,46
30,0;BATTERY;5313;24905;21,33
30,0;THEFT;4166;24905;16,73
30,0;CRIMINAL DAMAGE;3047;24905;12,23
30,0;NARCOTICS;1958;24905;7,86
30,0;ASSAULT;1788;24905;7,18
31,0;THEFT;3222;14281;22,56
31,0;BATTERY;2452;14281;17,17
31,0;CRIMINAL DAMAGE;2013;14281;14,1
31,0;MOTOR VEHICLE THEFT;1050;14281;7,35
31,0;ASSAULT;1037;14281;7,26
32,0;THEFT;20863;39696;52,56
32,0;DECEPTIVE PRACTICE;5592;39696;14,09
32,0;BATTERY;3416;39696;8,61
32,0;CRIMINAL TRESPASS;1729;39696;4,36
32,0;CRIMINAL DAMAGE;1603;39696;4,04
33,0;THEFT;3335;9298;35,87
33,0;BATTERY;1321;9298;14,21
33,0;DECEPTIVE PRACTICE;957;9298;10,29
33,0;CRIMINAL DAMAGE;813;9298;8,74
33,0;CRIMINAL TRESPASS;578;9298;6,22
34,0;THEFT;1701;6190;27,48
34,0;BATTERY;995;6190;16,07
34,0;DECEPTIVE PRACTICE;662;6190;10,69
34,0;CRIMINAL DAMAGE;617;6190;9,97
34,0;ROBBERY;425;6190;6,87
35,0;THEFT;3358;13325;25,2
35,0;BATTERY;2644;13325;19,84
35,0;CRIMINAL DAMAGE;1187;13325;8,91
35,0;ASSAULT;1013;13325;7,6
35,0;DECEPTIVE PRACTICE;808;13325;6,06
36,0;THEFT;734;3482;21,08
36,0;BATTERY;677;3482;19,44
36,0;CRIMINAL DAMAGE;444;3482;12,75
36,0;OTHER OFFENSE;280;3482;8,04
36,0;ASSAULT;278;3482;7,98
37,0;THEFT;1032;5015;20,58
37,0;BATTERY;871;5015;17,37
37,0;NARCOTICS;514;5015;10,25
37,0;CRIMINAL DAMAGE;447;5015;8,91
37,0;DECEPTIVE PRACTICE;394;5015;7,86
38,0;BATTERY;3810;18114;21,03
38,0;THEFT;3521;18114;19,44
38,0;CRIMINAL DAMAGE;1952;18114;10,78
38,0;NARCOTICS;1638;18114;9,04
38,0;ASSAULT;1406;18114;7,76
39,0;THEFT;2041;7712;26,47
39,0;BATTERY;1326;7712;17,19
39,0;CRIMINAL DAMAGE;833;7712;10,8
39,0;OTHER OFFENSE;563;7712;7,3
39,0;ASSAULT;522;7712;6,77
40,0;BATTERY;3669;15288;24,0
40,0;THEFT;2390;15288;15,63
40,0;CRIMINAL DAMAGE;1716;15288;11,22
40,0;NARCOTICS;1325;15288;8,67
40,0;ASSAULT;1176;15288;7,69
41,0;THEFT;2875;8313;34,58
41,0;BATTERY;955;8313;11,49
41,0;CRIMINAL DAMAGE;882;8313;10,61
41,0;DECEPTIVE PRACTICE;646;8313;7,77
41,0;BURGLARY;644;8313;7,75
42,0;BATTERY;4621;21765;21,23
42,0;THEFT;3404;21765;15,64
42,0;CRIMINAL DAMAGE;2292;21765;10,53
42,0;NARCOTICS;2119;21765;9,74
42,0;OTHER OFFENSE;1715;21765;7,88
43,0;BATTERY;10743;48909;21,97
43,0;THEFT;8028;48909;16,41
43,0;CRIMINAL DAMAGE;5593;48909;11,44
43,0;BURGLARY;4332;48909;8,86
43,0;NARCOTICS;3825;48909;7,82
44,0;THEFT;7509;33152;22,65
44,0;BATTERY;6493;33152;19,59
44,0;CRIMINAL DAMAGE;3272;33152;9,87
44,0;NARCOTICS;2451;33152;7,39
44,0;ASSAULT;2266;33152;6,84
45,0;THEFT;1593;7667;20,78
45,0;BATTERY;1481;7667;19,32
45,0;CRIMINAL DAMAGE;836;7667;10,9
45,0;ASSAULT;619;7667;8,07
45,0;OTHER OFFENSE;519;7667;6,77
46,0;BATTERY;6158;27574;22,33
46,0;THEFT;3934;27574;14,27
46,0;CRIMINAL DAMAGE;3233;27574;11,72
46,0;NARCOTICS;2494;27574;9,04
46,0;ASSAULT;2369;27574;8,59
47,0;BATTERY;396;2197;18,02
47,0;THEFT;385;2197;17,52
47,0;CRIMINAL DAMAGE;292;2197;13,29
47,0;BURGLARY;209;2197;9,51
47,0;NARCOTICS;175;2197;7,97
48,0;THEFT;1923;8036;23,93
48,0;BATTERY;1349;8036;16,79
48,0;CRIMINAL DAMAGE;983;8036;12,23
48,0;OTHER OFFENSE;574;8036;7,14
48,0;ASSAULT;533;8036;6,63
49,0;BATTERY;7790;38227;20,38
49,0;THEFT;6016;38227;15,74
49,0;CRIMINAL DAMAGE;4506;38227;11,79
49,0;NARCOTICS;3752;38227;9,82
49,0;ASSAULT;2991;38227;7,82
50,0;THEFT;1259;5889;21,38
50,0;BATTERY;1188;5889;20,17
50,0;CRIMINAL DAMAGE;680;5889;11,55
50,0;ASSAULT;543;5889;9,22
50,0;OTHER OFFENSE;419;5889;7,11
51,0;THEFT;2168;10601;20,45
51,0;BATTERY;1970;10601;18,58
51,0;CRIMINAL DAMAGE;1351;10601;12,74
51,0;ASSAULT;893;10601;8,42
51,0;OTHER OFFENSE;713;10601;6,73
52,0;BATTERY;1378;7308;18,86
52,0;CRIMINAL DAMAGE;1277;7308;17,47
52,0;THEFT;1163;7308;15,91
52,0;ASSAULT;598;7308;8,18
52,0;NARCOTICS;570;7308;7,8
53,0;BATTERY;4844;23272;20,81
53,0;THEFT;3369;23272;14,48
53,0;CRIMINAL DAMAGE;3036;23272;13,05
53,0;NARCOTICS;2238;23272;9,62
53,0;ASSAULT;1808;23272;7,77
54,0;BATTERY;2063;6959;29,65
54,0;CRIMINAL DAMAGE;912;6959;13,11
54,0;THEFT;777;6959;11,17
54,0;ASSAULT;766;6959;11,01
54,0;OTHER OFFENSE;447;6959;6,42
55,0;THEFT;681;3209;21,22
55,0;BATTERY;649;3209;20,22
55,0;CRIMINAL DAMAGE;444;3209;13,84
55,0;ASSAULT;256;3209;7,98
55,0;OTHER OFFENSE;248;3209;7,73
56,0;THEFT;2379;10478;22,7
56,0;CRIMINAL DAMAGE;1583;10478;15,11
56,0;BATTERY;1385;10478;13,22
56,0;NARCOTICS;824;10478;7,86
56,0;DECEPTIVE PRACTICE;820;10478;7,83
57,0;THEFT;1312;5356;24,5
57,0;CRIMINAL DAMAGE;819;5356;15,29
57,0;BATTERY;757;5356;14,13
57,0;MOTOR VEHICLE THEFT;427;5356;7,97
57,0;BURGLARY;417;5356;7,79
58,0;BATTERY;2816;14455;19,48
58,0;THEFT;2161;14455;14,95
58,0;CRIMINAL DAMAGE;1951;14455;13,5
58,0;NARCOTICS;1171;14455;8,1
58,0;BURGLARY;1102;14455;7,62
59,0;THEFT;1554;5841;26,61
59,0;BATTERY;910;5841;15,58
59,0;CRIMINAL DAMAGE;855;5841;14,64
59,0;NARCOTICS;392;5841;6,71
59,0;MOTOR VEHICLE THEFT;377;5841;6,45
60,0;THEFT;2161;9195;23,5
60,0;CRIMINAL DAMAGE;1516;9195;16,49
60,0;BATTERY;1431;9195;15,56
60,0;BURGLARY;733;9195;7,97
60,0;OTHER OFFENSE;625;9195;6,8
61,0;BATTERY;5968;28115;21,23
61,0;THEFT;5057;28115;17,99
61,0;NARCOTICS;3268;28115;11,62
61,0;CRIMINAL DAMAGE;2986;28115;10,62
61,0;ASSAULT;2115;28115;7,52
62,0;THEFT;1340;5836;22,96
62,0;CRIMINAL DAMAGE;942;5836;16,14
62,0;BATTERY;740;5836;12,68
62,0;BURGLARY;573;5836;9,82
62,0;MOTOR VEHICLE THEFT;377;5836;6,46
63,0;THEFT;2454;13476;18,21
63,0;BATTERY;2424;13476;17,99
63,0;CRIMINAL DAMAGE;1864;13476;13,83
63,0;NARCOTICS;1114;13476;8,27
63,0;BURGLARY;925;13476;6,86
64,0;THEFT;1086;5315;20,43
64,0;BATTERY;866;5315;16,29
64,0;CRIMINAL DAMAGE;855;5315;16,09
64,0;OTHER OFFENSE;453;5315;8,52
64,0;BURGLARY;452;5315;8,5
65,0;THEFT;3546;11050;32,09
65,0;CRIMINAL DAMAGE;1548;11050;14,01
65,0;BATTERY;1399;11050;12,66
65,0;BURGLARY;879;11050;7,95
65,0;OTHER OFFENSE;657;11050;5,95
66,0;BATTERY;6897;34578;19,95
66,0;THEFT;5422;34578;15,68
66,0;CRIMINAL DAMAGE;3880;34578;11,22
66,0;NARCOTICS;3442;34578;9,95
66,0;BURGLARY;2715;34578;7,85
67,0;BATTERY;9360;41281;22,67
67,0;THEFT;5968;41281;14,46
67,0;NARCOTICS;5155;41281;12,49
67,0;CRIMINAL DAMAGE;4193;41281;10,16
67,0;ASSAULT;2959;41281;7,17
68,0;BATTERY;9070;38019;23,86
68,0;THEFT;5569;38019;14,65
68,0;NARCOTICS;4011;38019;10,55
68,0;CRIMINAL DAMAGE;3724;38019;9,8
68,0;ASSAULT;2991;38019;7,87
69,0;BATTERY;8400;36741;22,86
69,0;THEFT;5838;36741;15,89
69,0;CRIMINAL DAMAGE;3913;36741;10,65
69,0;NARCOTICS;3147;36741;8,57
69,0;ASSAULT;2778;36741;7,56
70,0;THEFT;2828;13311;21,25
70,0;BATTERY;1955;13311;14,69
70,0;CRIMINAL DAMAGE;1892;13311;14,21
70,0;BURGLARY;1182;13311;8,88
70,0;OTHER OFFENSE;955;13311;7,17
71,0;BATTERY;9065;41634;21,77
71,0;THEFT;6601;41634;15,85
71,0;CRIMINAL DAMAGE;4517;41634;10,85
71,0;NARCOTICS;4070;41634;9,78
71,0;ASSAULT;3119;41634;7,49
72,0;THEFT;1480;5102;29,01
72,0;CRIMINAL DAMAGE;674;5102;13,21
72,0;BATTERY;573;5102;11,23
72,0;DECEPTIVE PRACTICE;457;5102;8,96
72,0;BURGLARY;419;5102;8,21
73,0;THEFT;3336;17534;19,03
73,0;BATTERY;3170;17534;18,08
73,0;CRIMINAL DAMAGE;2062;17534;11,76
73,0;NARCOTICS;1453;17534;8,29
73,0;OTHER OFFENSE;1328;17534;7,57
74,0;THEFT;884;3246;27,23
74,0;BATTERY;491;3246;15,13
74,0;CRIMINAL DAMAGE;457;3246;14,08
74,0;OTHER OFFENSE;296;3246;9,12
74,0;DECEPTIVE PRACTICE;291;3246;8,96
75,0;THEFT;2714;11471;23,66
75,0;BATTERY;1991;11471;17,36
75,0;CRIMINAL DAMAGE;1290;11471;11,25
75,0;ASSAULT;833;11471;7,26
75,0;OTHER OFFENSE;818;11471;7,13
76,0;THEFT;2667;9457;28,2
76,0;OTHER OFFENSE;1981;9457;20,95
76,0;NARCOTICS;848;9457;8,97
76,0;BATTERY;800;9457;8,46
76,0;DECEPTIVE PRACTICE;767;9457;8,11
77,0;THEFT;4006;13009;30,79
77,0;BATTERY;2133;13009;16,4
77,0;CRIMINAL DAMAGE;1243;13009;9,55
77,0;DECEPTIVE PRACTICE;986;13009;7,58
77,0;OTHER OFFENSE;875;13009;6,73
